Team,#_Players,90s,Yellow_Cards,Red_Cards,Second_Yellow_Red,Fouls_Committed,Fouls_Drawn,Offsides,Crosses,Interceptions,Tackles_Won,Own_Goals_FBref,Own_Goals_FIFA,Goals_Conceded,Forced_Turnovers,Ball_Recovery_Time_s,Defensive_Pressures_Applied,Defensive_Pressures_Directly_Applied,TacklesWon_per90,Interceptions_per90,ForcedTurnovers_per90,DefensivePressures_per90,GoalsConceded_per90,TacklesWon_per90_z,Interceptions_per90_z,ForcedTurnovers_per90_z,DefensivePressures_per90_z,Defensive_Score,Activity_Group
Tunisia,20,3.0,1,0,0,27,32,9,36,27,36,1,1,12,109,69.13,802,131,12.0,9.0,36.333333333333336,267.3333333333333,4.0,1.0452126968178548,0.43127373433512883,-0.864039438074175,0.23926336923919891,0.21292759057950184,High
Morocco,23,6.3,7,0,0,74,90,9,83,40,61,1,1,6,262,82.47,1436,301,9.682539682539684,6.34920634920635,41.58730158730159,227.93650793650795,0.9523809523809524,0.08741473780253127,-0.8922131576911503,0.47447279811990273,-0.6435961421770755,-0.24348044098644794,Low
IR Iran,20,3.0,6,0,0,35,23,9,37,32,36,0,0,3,132,47.85,874,148,12.0,10.666666666666666,44.0,291.3333333333333,1.0,1.0452126968178548,1.2634062113576394,1.0891370274295697,0.777089147346132,1.043711270737799,High
Ghana,22,4.0,6,0,0,56,47,8,48,31,40,0,0,3,156,89.73,1160,183,10.0,7.75,39.0,290.0,0.75,0.21861993766764368,-0.1928256234317544,-0.18467371094243817,0.7472099374513028,0.14708263518618847,High
Argentina,24,9.0,15,1,1,113,100,22,104,82,93,0,0,8,351,128.75,2054,349,10.333333333333334,9.11111111111111,39.0,228.22222222222223,0.8888888888888888,0.35638539752601245,0.486749232803296,-0.18467371094243817,-0.6371934543424693,0.005316866261100228,High
Mexico,25,5.0,4,1,0,58,47,5,86,36,32,0,0,3,178,73.86,1065,177,6.4,7.2,35.6,213.0,0.6,-1.2692470288027362,-0.4674293408491829,-1.0508650130354031,-0.9783144339751075,-0.9414639541656075,Low
Cabo Verde,21,4.3,5,0,0,27,47,7,50,52,45,1,1,5,191,76.43,1252,166,10.465116279069768,12.093023255813954,44.418604651162795,291.16279069767444,1.1627906976744187,0.4108508118886234,1.975556796344347,1.195781647386297,0.7732673879409803,1.088864160890062,High
Uruguay,17,3.0,5,1,0,31,29,14,92,32,25,0,0,4,133,40.21,745,130,8.333333333333334,10.666666666666666,44.333333333333336,248.33333333333334,1.3333333333333333,-0.4702073616241987,1.2634062113576394,1.1740577433210375,-0.1865153717621225,0.445185305323089,High
Korea Republic,20,3.0,4,0,0,25,31,8,54,20,23,0,0,3,106,44.64,563,86,7.666666666666667,6.666666666666667,35.333333333333336,187.66666666666666,1.0,-0.7457382813409359,-0.7337117334963864,-1.1188015857485767,-1.5460194219768706,-1.0360677556406923,Low
France,22,8.0,6,0,0,84,73,14,109,65,77,0,0,10,330,123.18,1972,343,9.625,8.125,41.25,246.5,1.25,0.06363379532697909,-0.005595816101689431,0.3885411213249653,-0.22759928536751345,0.05474495379568538,High
Belgium,23,6.3,6,1,0,78,68,8,114,50,47,0,0,7,263,91.79,1582,227,7.4603174603174605,7.936507936507937,41.74603174603175,251.11111111111111,1.1111111111111112,-0.8310216612532593,-0.09970603671733044,0.5149112342586966,-0.12426701781456094,-0.13502087038161353,Low
Bosnia and Herzegovina,23,4.0,7,1,0,60,38,2,57,34,37,0,0,8,168,53.83,998,157,9.25,8.5,42.0,249.5,2.0,-0.0913523470136855,0.18163399122837554,0.5796127320807665,-0.16037106310414678,0.12738082829782743,High
Netherlands,22,4.3,3,0,0,44,43,8,74,36,27,0,0,5,165,65.67,939,143,6.279069767441861,8.372093023255815,38.372093023255815,218.37209302325581,1.1627906976744187,-1.3192270561001909,0.11777266159641572,-0.3446406408775274,-0.8579290127127999,-0.6010060120235257,Low
England,24,8.3,8,1,0,81,116,15,163,51,77,0,0,12,274,127.95,1931,338,9.27710843373494,6.144578313253011,33.01204819277108,232.65060240963854,1.4457831325301203,-0.08014852949508328,-0.994379738346812,-1.7101771735228914,-0.5379560785070316,-0.8306653799679546,Low
Norway,25,6.3,3,0,0,58,41,5,78,44,67,0,0,11,193,99.36,1419,231,10.634920634920634,6.984126984126984,30.634920634920636,225.23809523809524,1.746031746031746,0.4810303373978692,-0.5752103093016225,-2.3157792954568763,-0.7040659717261357,-0.7785063097716913,Low
Paraguay,24,5.3,9,1,0,66,60,5,43,53,88,1,1,6,249,88.79,1689,331,16.60377358490566,10.0,46.9811320754717,318.6792452830189,1.1320754716981132,2.947935651842869,0.9305532205486354,1.848616637477786,1.38989482952877,1.7792500848495152,High
Czechia,21,3.0,1,0,0,37,31,5,57,19,19,0,0,6,119,56.67,857,121,6.333333333333333,6.333333333333333,39.666666666666664,285.6666666666667,2.0,-1.2968001207744102,-0.9001382289008889,-0.014832279159504412,0.650102505293107,-0.39041703088542423,Low
New Zealand,17,3.0,4,0,0,32,24,4,44,24,21,0,0,10,118,47.94,844,140,7.0,8.0,39.333333333333336,281.3333333333333,3.3333333333333335,-1.021269201057673,-0.06800575187837775,-0.09975299505097039,0.5529950731349099,-0.15900821871302775,Low
Türkiye,23,3.0,2,0,0,31,38,7,79,18,39,0,0,5,121,29.94,490,123,13.0,6.0,40.333333333333336,163.33333333333334,1.6666666666666667,1.4585090763929605,-1.0665647243053908,0.15500915262343118,-2.0913150025575105,-0.3860903744616274,Low
Colombia,21,5.3,8,0,0,70,64,19,70,38,33,0,0,1,194,71.88,1088,191,6.226415094339623,7.169811320754717,36.60377358490566,205.28301886792454,0.18867924528301888,-1.3409890418610566,-0.48250192911223216,-0.7951414987660043,-1.1512474082248996,-0.9424699694910481,Low
Haiti,18,3.0,7,0,0,55,44,7,37,29,28,0,0,8,113,49.18,810,143,9.333333333333334,9.666666666666666,37.666666666666664,270.0,2.6666666666666665,-0.05691098204909312,0.7641267251441329,-0.5243565745083075,0.29902178902885856,0.12047023940389773,High
Jordan,20,3.0,4,0,0,31,21,3,27,33,31,1,1,8,139,68.21,1148,166,10.333333333333334,11.0,46.333333333333336,382.6666666666667,2.6666666666666665,0.35638539752601245,1.429832706762142,1.6835820386698406,2.8238150251419616,1.573403792024989,High
Scotland,20,3.0,5,0,0,42,39,2,50,17,25,0,0,4,107,70.31,775,109,8.333333333333334,5.666666666666667,35.666666666666664,258.3333333333333,1.3333333333333333,-0.4702073616241987,-1.232991219709893,-1.0338808698571107,0.03757870244909899,-0.6748751871855259,Low
Germany,23,4.3,3,0,0,51,42,4,105,25,53,0,0,5,189,49.48,915,187,12.325581395348838,5.813953488372094,43.95348837209303,212.79069767441862,1.1627906976744187,1.1797743087725405,-1.1594539310427872,1.0772876252121566,-0.983004775063249,0.028650806969665238,High
Ecuador,21,4.0,8,1,0,49,38,2,83,38,49,0,0,4,176,53.67,925,205,12.25,9.5,44.0,231.25,1.0,1.1485367917116311,0.6809134774418821,1.0891370274295697,-0.5693427485396272,0.5873111370108639,High
Senegal,22,4.3,3,0,0,36,48,10,79,31,29,0,0,9,165,68.01,1055,170,6.744186046511628,7.209302325581396,38.372093023255815,245.34883720930233,2.0930232558139537,-1.1269961818792116,-0.462784880512313,-0.3446406408775274,-0.25339616135229354,-0.5469544661553364,Low
Iraq,25,3.0,4,1,0,27,31,1,28,23,35,1,1,12,122,61.26,851,155,11.666666666666666,7.666666666666667,40.666666666666664,283.6666666666667,4.0,0.907447236959486,-0.23443224728287979,0.23992986851489714,0.6052836904508626,0.3795571371605915,High
Curaçao,22,3.0,7,0,0,32,31,5,23,39,26,0,0,9,121,56.6,983,160,8.666666666666666,13.0,40.333333333333336,327.6666666666667,3.0,-0.33244190176583066,2.428391679189155,0.15500915262343118,1.59129761698024,0.960564136756749,High
Australia,23,4.3,5,0,0,46,38,1,70,29,34,1,1,3,174,74.09,1229,162,7.906976744186047,6.744186046511628,40.46511627906977,285.8139534883721,0.6976744186046512,-0.646418996326763,-0.6950078973558044,0.18858245890610387,0.6534031156884653,-0.12486032977199954,Low
Japan,24,4.0,4,0,0,55,30,4,57,19,32,0,0,5,139,80.59,1118,191,8.0,4.75,34.75,279.5,1.25,-0.6079728214825675,-1.690664082072274,-1.267412838558645,0.5119111595295196,-0.7635346456459917,Low
